{
  "metrics_fixture": {
    "hr3": 1.0,
    "hr5": 1.0,
    "hr10": 0.0,
    "ndcg3": 1.0,
    "ndcg5": 0.38685280723454163,
    "ndcg10": 0.0
  },
  "metrics_agg": {
    "HR@3": 0.6666666666666666,
    "HR@5": 0.6666666666666666,
    "HR@10": 0.6666666666666666,
    "NDCG@3": 0.5,
    "NDCG@5": 0.5,
    "NDCG@10": 0.5,
    "duplicate_rate": 0.0,
    "num_examples": 3
  },
  "reward_fixture": {
    "G": 4,
    "prompts": [
      "P0",
      "P0",
      "P0",
      "P0",
      "P1",
      "P1",
      "P1",
      "P1"
    ],
    "completions": [
      "a",
      "b",
      "c",
      "d",
      "x",
      "y",
      "z",
      "w"
    ],
    "targets": [
      "a",
      "a",
      "a",
      "a",
      "q",
      "q",
      "q",
      "q"
    ],
    "rule": [
      1.0,
      0.0,
      0.0,
      0.0,
      0.0,
      0.0,
      0.0,
      0.0
    ],
    "rank": [
      0.0,
      -0.24630238874073,
      -0.19519002499605084,
      -0.16812753627111746,
      0.0,
      0.0,
      0.0,
      0.0
    ],
    "total": [
      1.0,
      -0.24630238874073,
      -0.19519002499605084,
      -0.16812753627111746,
      0.0,
      0.0,
      0.0,
      0.0
    ],
    "advantages": [
      1.497578740119934,
      -0.570712149143219,
      -0.4858890175819397,
      -0.44097772240638733,
      0.0,
      0.0,
      0.0,
      0.0
    ],
    "ndcg_table": [
      -0.3903800499921017,
      -0.24630238874073,
      -0.19519002499605084,
      -0.16812753627111746
    ]
  },
  "objective_fixture": {
    "official_loss": 0.0018973872065544128,
    "paper_loss": 0.0016791373491287231,
    "official_metrics": {
      "kl_mean": 1.8973968029022217,
      "ratio_mean": "not_applicable",
      "ratio_min": "not_applicable",
      "ratio_max": "not_applicable",
      "clip_fraction": "not_applicable",
      "policy_loss": 0.0018973872065544128
    },
    "paper_metrics": {
      "kl_mean": 1.8973968029022217,
      "ratio_mean": 1.0008385181427002,
      "ratio_min": 0.9889285564422607,
      "ratio_max": 1.013206124305725,
      "clip_fraction": 0.0,
      "policy_loss": 0.0016791373491287231,
      "positive_advantage_frac": 0.5,
      "negative_advantage_frac": 0.5
    }
  }
}