{
  "exact": 1.0,
  "loss_start": 10.64891845703125,
  "loss_end": 0.005856733918190003,
  "n": 16
}