{
  "HR@3": 0.34375,
  "HR@5": 0.34375,
  "HR@10": 0.359375,
  "NDCG@3": 0.26673682879464833,
  "NDCG@5": 0.26673682879464833,
  "NDCG@10": 0.2719451621279817,
  "duplicate_rate": 0.0,
  "num_examples": 64,
  "invalid_completion_rate": 0.0
}